{
    "url": "/rest/projects/aefohehsjtlghk72/md/indicatorDrills/uv3v0r74r8jagekk",
    "dumpTime": "2020-06-13T10:41:43Z",
    "version": "4",
    "content": {
        "id": "uv3v0r74r8jagekk",
        "name": "empty_indicator_drill",
        "type": "indicatorDrill",
        "content": {
            "blocks": [
                {
                    "type": "ranking"
                },
                {
                    "type": "categories",
                    "title": "Novo a staro zaznacene budovy",
                    "description": "Pocet novo zaznacenych budov do databazy",
                    "splitProperty": "vysky.zaznacene",
                    "orderBy": {
                        "property": "vysky.zaznacene",
                        "direction": "asc"
                    }
                },
                {
                    "type": "categories",
                    "title": "Budovy podla kategorie",
                    "description": "Popis typu budovy",
                    "splitProperty": "vysky.zpusob_vyuziti",
                    "orderBy": {
                        "property": "vysky.zpusob_vyuziti",
                        "direction": "asc"
                    }
                }
            ]
        },
        "accessInfo": {
            "createdAt": "2020-06-06T14:26:59Z",
            "modifiedAt": "2020-06-10T09:19:40Z",
            "createdBy": "/rest/accounts/00uqzcg0wdzd1lM3D0h7",
            "modifiedBy": "/rest/accounts/00uqzcg0wdzd1lM3D0h7"
        },
        "links": [
            {
                "rel": "self",
                "href": "/rest/projects/aefohehsjtlghk72/md/indicatorDrills/uv3v0r74r8jagekk"
            }
        ]
    }
}