{
    "url": "/rest/projects/aefohehsjtlghk72/md/markerSelectors/qt8arbeh3ij96fhq",
    "dumpTime": "2020-06-13T10:41:44Z",
    "version": "1",
    "content": {
        "id": "qt8arbeh3ij96fhq",
        "name": "vysky_marker_selector",
        "type": "markerSelector",
        "content": {
            "categories": [
                {
                    "dataset": "/rest/projects/$projectId/md/datasets?name=vysky",
                    "markers": [
                        {
                            "name": "blue_marker",
                            "visible": true
                        }
                    ]
                }
            ]
        },
        "accessInfo": {
            "createdAt": "2020-06-06T15:17:03Z",
            "createdBy": "/rest/accounts/00uqzcg0wdzd1lM3D0h7"
        },
        "links": [
            {
                "rel": "self",
                "href": "/rest/projects/aefohehsjtlghk72/md/markerSelectors/qt8arbeh3ij96fhq"
            }
        ]
    }
}