{
    "url": "/rest/projects/aefohehsjtlghk72/md/dashboards/nkq3flp44op70uli",
    "dumpTime": "2020-06-13T10:41:39Z",
    "version": "2",
    "content": {
        "id": "nkq3flp44op70uli",
        "name": "so_polygon_dwh_dashboard",
        "type": "dashboard",
        "content": {
            "blockRows": [
                {
                    "type": "indicator",
                    "indicator": "/rest/projects/$projectId/md/indicators?name=so_polygon_dwh_count_indicator",
                    "indicatorDrill": "/rest/projects/$projectId/md/indicatorDrills?name=empty_indicator_drill",
                    "layout": "primary"
                },
                {
                    "type": "indicator",
                    "indicator": "/rest/projects/$projectId/md/indicators?name=vysky_count_indicator",
                    "indicatorDrill": "/rest/projects/$projectId/md/indicatorDrills?name=empty_indicator_drill",
                    "layout": "primary"
                }
            ]
        },
        "accessInfo": {
            "createdAt": "2020-06-07T15:21:35Z",
            "modifiedAt": "2020-06-08T14:39:55Z",
            "createdBy": "/rest/accounts/00uqzcg0wdzd1lM3D0h7",
            "modifiedBy": "/rest/accounts/00uqzcg0wdzd1lM3D0h7"
        },
        "links": [
            {
                "rel": "self",
                "href": "/rest/projects/aefohehsjtlghk72/md/dashboards/nkq3flp44op70uli"
            }
        ]
    }
}