{
    "url": "/rest/projects/aefohehsjtlghk72/md/markers/sop6vhukjs77mpic",
    "dumpTime": "2020-06-13T10:41:44Z",
    "version": "1",
    "content": {
        "id": "sop6vhukjs77mpic",
        "name": "marker",
        "type": "marker",
        "title": "Budovy",
        "content": {
            "style": "marker-blue"
        },
        "accessInfo": {
            "createdAt": "2020-06-06T15:17:03Z",
            "createdBy": "/rest/accounts/00uqzcg0wdzd1lM3D0h7"
        },
        "links": [
            {
                "rel": "self",
                "href": "/rest/projects/aefohehsjtlghk72/md/markers/sop6vhukjs77mpic"
            }
        ]
    }
}