{
    "url": "/rest/projects/aefohehsjtlghk72/md/datasets/epdekfjv2224m70e",
    "dumpTime": "2020-06-13T10:41:40Z",
    "version": "1",
    "content": {
        "id": "epdekfjv2224m70e",
        "name": "cast_obec-4rxgo5",
        "type": "dataset",
        "title": "Vector tiles for administrative districts",
        "origin": "https://secure.clevermaps.io/rest/projects/q1zdp9d0ao78rdv5/md/datasets?name=cast_obec-4rxgo5",
        "ref": {
            "type": "vt",
            "urlTemplate": "https://a.tiles.mapbox.com/v4/cleveranalytics.bpezrr3w/{z}/{x}/{y}.vector.pbf?access_token={token}",
            "zoom": {
                "min": 10,
                "optimal": 12,
                "max": 18
            }
        },
        "dataSources": [
            {
                "licenceHolder": "RUIAN - ČÚZK",
                "licenceHolderUrl": "http://vdp.cuzk.cz/",
                "licenceUrl": "https://www.cuzk.cz/Uvod/Produkty-a-sluzby/RUIAN/RUIAN-(1).aspx"
            },
            {
                "licenceHolder": "Czech statistical office",
                "licenceHolderUrl": "https://www.czso.cz/csu/czso/home",
                "licenceUrl": "https://www.czso.cz/csu/czso/conditions_for_use_and_further_dissemination"
            }
        ],
        "accessInfo": {
            "createdAt": "2020-06-08T17:00:11Z",
            "createdBy": "/rest/accounts/00uqzcg0wdzd1lM3D0h7"
        },
        "links": [
            {
                "rel": "self",
                "href": "/rest/projects/aefohehsjtlghk72/md/datasets/epdekfjv2224m70e"
            }
        ]
    }
}