{
    "url": "/rest/projects/aefohehsjtlghk72/md/datasets/obho7d81oah1nn1f",
    "dumpTime": "2020-06-13T10:56:45Z",
    "version": "3",
    "content": {
        "id": "obho7d81oah1nn1f",
        "name": "kraj_dwh",
        "type": "dataset",
        "title": "Regions",
        "origin": "https://secure.clevermaps.io/rest/projects/q1zdp9d0ao78rdv5/md/datasets?name=kraj_dwh",
        "properties": {
            "featureTitle": {
                "type": "property",
                "value": "nazev"
            },
            "featureSubtitle": {
                "type": "property",
                "value": "upper_name"
            }
        },
        "ref": {
            "type": "dwh",
            "subtype": "geometryPolygon",
            "geometry": "kraj-76k1ib",
            "visualizations": [
                {
                    "type": "areas"
                }
            ],
            "table": "kraj_dwh_2",
            "primaryKey": "kod_kraj",
            "categorizable": false,
            "properties": [
                {
                    "name": "kod_kraj",
                    "title": "kod_kraj",
                    "column": "kod_kraj",
                    "type": "string",
                    "filterable": true
                },
                {
                    "name": "x_min",
                    "title": "x_min",
                    "column": "x_min",
                    "type": "decimal(19,6)",
                    "filterable": false
                },
                {
                    "name": "x_max",
                    "title": "x_max",
                    "column": "x_max",
                    "type": "decimal(19,6)",
                    "filterable": false
                },
                {
                    "name": "y_min",
                    "title": "y_min",
                    "column": "y_min",
                    "type": "decimal(19,6)",
                    "filterable": false
                },
                {
                    "name": "y_max",
                    "title": "y_max",
                    "column": "y_max",
                    "type": "decimal(19,6)",
                    "filterable": false
                },
                {
                    "name": "nazev",
                    "title": "Name",
                    "column": "nazev",
                    "type": "string",
                    "filterable": true
                },
                {
                    "name": "popis",
                    "title": "Description",
                    "column": "popis",
                    "type": "string",
                    "filterable": false
                },
                {
                    "name": "upper_name",
                    "title": "Upper name",
                    "column": "upper_name",
                    "type": "string",
                    "filterable": false
                }
            ]
        },
        "dataSources": [
            {
                "licenceHolder": "RUIAN - ČÚZK",
                "licenceHolderUrl": "http://vdp.cuzk.cz/",
                "licenceUrl": "https://www.cuzk.cz/Uvod/Produkty-a-sluzby/RUIAN/RUIAN-(1).aspx"
            },
            {
                "licenceHolder": "Czech statistical office",
                "licenceHolderUrl": "https://www.czso.cz/csu/czso/home",
                "licenceUrl": "https://www.czso.cz/csu/czso/conditions_for_use_and_further_dissemination"
            }
        ],
        "accessInfo": {
            "createdAt": "2020-06-08T17:00:56Z",
            "createdBy": "/rest/accounts/00uqzcg0wdzd1lM3D0h7"
        },
        "links": [
            {
                "rel": "self",
                "href": "/rest/projects/aefohehsjtlghk72/md/datasets/obho7d81oah1nn1f"
            }
        ]
    }
}