{
    "url": "/rest/projects/aefohehsjtlghk72/md/datasets/ffikktqd398bqrj7",
    "dumpTime": "2020-06-13T10:41:41Z",
    "version": "1",
    "content": {
        "id": "ffikktqd398bqrj7",
        "name": "kraj-76k1ib",
        "type": "dataset",
        "title": "Vector tiles for regions",
        "origin": "https://secure.clevermaps.io/rest/projects/q1zdp9d0ao78rdv5/md/datasets?name=kraj-76k1ib",
        "ref": {
            "type": "vt",
            "urlTemplate": "https://a.tiles.mapbox.com/v4/cleveranalytics.3wymnr3y/{z}/{x}/{y}.vector.pbf?access_token={token}",
            "zoom": {
                "min": 2,
                "optimal": 6,
                "max": 18
            }
        },
        "dataSources": [
            {
                "licenceHolder": "RUIAN - ČÚZK",
                "licenceHolderUrl": "http://vdp.cuzk.cz/",
                "licenceUrl": "https://www.cuzk.cz/Uvod/Produkty-a-sluzby/RUIAN/RUIAN-(1).aspx"
            },
            {
                "licenceHolder": "Czech statistical office",
                "licenceHolderUrl": "https://www.czso.cz/csu/czso/home",
                "licenceUrl": "https://www.czso.cz/csu/czso/conditions_for_use_and_further_dissemination"
            }
        ],
        "accessInfo": {
            "createdAt": "2020-06-08T17:00:56Z",
            "createdBy": "/rest/accounts/00uqzcg0wdzd1lM3D0h7"
        },
        "links": [
            {
                "rel": "self",
                "href": "/rest/projects/aefohehsjtlghk72/md/datasets/ffikktqd398bqrj7"
            }
        ]
    }
}