{
    "url": "/rest/projects/aefohehsjtlghk72/md/datasets/arlinr6nut0esi5d",
    "dumpTime": "2020-06-13T10:41:42Z",
    "version": "1",
    "content": {
        "id": "arlinr6nut0esi5d",
        "name": "orp-b1qp26",
        "type": "dataset",
        "title": "Vector tiles for municipalities with extended competences",
        "origin": "https://secure.clevermaps.io/rest/projects/q1zdp9d0ao78rdv5/md/datasets?name=orp-b1qp26",
        "ref": {
            "type": "vt",
            "urlTemplate": "https://a.tiles.mapbox.com/v4/cleveranalytics.5sabn5r8/{z}/{x}/{y}.vector.pbf?access_token={token}",
            "zoom": {
                "min": 4,
                "optimal": 9,
                "max": 18
            }
        },
        "dataSources": [
            {
                "licenceHolder": "RUIAN - ČÚZK",
                "licenceHolderUrl": "http://vdp.cuzk.cz/",
                "licenceUrl": "https://www.cuzk.cz/Uvod/Produkty-a-sluzby/RUIAN/RUIAN-(1).aspx"
            },
            {
                "licenceHolder": "Czech statistical office",
                "licenceHolderUrl": "https://www.czso.cz/csu/czso/home",
                "licenceUrl": "https://www.czso.cz/csu/czso/conditions_for_use_and_further_dissemination"
            }
        ],
        "accessInfo": {
            "createdAt": "2020-06-08T16:53:19Z",
            "createdBy": "/rest/accounts/00uqzcg0wdzd1lM3D0h7"
        },
        "links": [
            {
                "rel": "self",
                "href": "/rest/projects/aefohehsjtlghk72/md/datasets/arlinr6nut0esi5d"
            }
        ]
    }
}