{
    "url": "/rest/projects/aefohehsjtlghk72/md/datasets/k4idpef9k88tm3p8",
    "dumpTime": "2020-06-13T11:00:12Z",
    "version": "3",
    "content": {
        "id": "k4idpef9k88tm3p8",
        "name": "so_point_dwh",
        "type": "dataset",
        "title": "Stavební objekty - Definiční body",
        "origin": "https://secure.clevermaps.io/rest/projects/ccp8jmoxqwnac03a/md/datasets?name=so_point_dwh",
        "properties": {
            "featureTitle": {
                "type": "property",
                "value": "kod"
            },
            "featureAttributes": [
                {
                    "type": "property",
                    "value": "dokonceni"
                },
                {
                    "type": "property",
                    "value": "typ"
                },
                {
                    "type": "property",
                    "value": "je_vytah"
                },
                {
                    "type": "property",
                    "value": "druh_konstrukce"
                },
                {
                    "type": "property",
                    "value": "obestaveny_prostor"
                },
                {
                    "type": "property",
                    "value": "pocet_podlazi"
                },
                {
                    "type": "property",
                    "value": "podlahova_plocha"
                },
                {
                    "type": "property",
                    "value": "zastavena_plocha"
                },
                {
                    "type": "property",
                    "value": "pripoj_el_energie"
                },
                {
                    "type": "property",
                    "value": "pripoj_kanal_sit"
                },
                {
                    "type": "property",
                    "value": "pripoj_vodovod"
                },
                {
                    "type": "property",
                    "value": "pripoj_plyn"
                },
                {
                    "type": "property",
                    "value": "zpusob_vytapeni"
                },
                {
                    "type": "property",
                    "value": "zpusob_vyuziti"
                }
            ]
        },
        "ref": {
            "type": "dwh",
            "subtype": "geometryPoint",
            "visualizations": [
                {
                    "type": "heatmap"
                },
                {
                    "type": "dotmap"
                }
            ],
            "table": "so_point_dwh_2",
            "primaryKey": "kod",
            "categorizable": true,
            "properties": [
                {
                    "name": "kod",
                    "title": "Kod",
                    "column": "kod",
                    "type": "integer",
                    "filterable": true
                },
                {
                    "foreignKey": "so_polygon_dwh",
                    "name": "kod_plg",
                    "title": "Kod",
                    "column": "kod_plg",
                    "type": "integer",
                    "filterable": true
                },
                {
                    "name": "dokonceni",
                    "title": "Datum dokončení",
                    "column": "dokonceni",
                    "type": "date",
                    "filterable": true
                },
                {
                    "name": "dokonceni_rok",
                    "title": "Rok dokončení",
                    "column": "dokonceni_rok",
                    "type": "string",
                    "filterable": true
                },
                {
                    "name": "je_vytah",
                    "title": "Výtah",
                    "column": "je_vytah",
                    "type": "string",
                    "filterable": true
                },
                {
                    "name": "druh_konstrukce",
                    "title": "Druh konstrukce",
                    "column": "druh_konstrukce",
                    "type": "string",
                    "filterable": true
                },
                {
                    "name": "obestaveny_prostor",
                    "title": "Obestavěný prostor",
                    "column": "obestaveny_prostor",
                    "type": "integer",
                    "filterable": true
                },
                {
                    "name": "obestaveny_prostor_cat",
                    "title": "Obestavěný prostor",
                    "column": "obestaveny_prostor_cat",
                    "type": "string",
                    "filterable": true
                },
                {
                    "name": "obestaveny_prostor_order",
                    "title": "Obestavěný prostor",
                    "column": "obestaveny_prostor_order",
                    "type": "integer",
                    "filterable": true
                },
                {
                    "name": "pocet_bytu",
                    "title": "Počet bytů",
                    "column": "pocet_bytu",
                    "type": "integer",
                    "filterable": true
                },
                {
                    "name": "pocet_bytu_cat",
                    "title": "Počet bytů",
                    "column": "pocet_bytu_cat",
                    "type": "string",
                    "filterable": true
                },
                {
                    "name": "pocet_bytu_order",
                    "title": "Počet bytů",
                    "column": "pocet_bytu_order",
                    "type": "integer",
                    "filterable": true
                },
                {
                    "name": "pocet_podlazi",
                    "title": "Počet podlaží",
                    "column": "pocet_podlazi",
                    "type": "integer",
                    "filterable": true
                },
                {
                    "name": "pocet_podlazi_cat",
                    "title": "Počet podlaží",
                    "column": "pocet_podlazi_cat",
                    "type": "string",
                    "filterable": true
                },
                {
                    "name": "pocet_podlazi_order",
                    "title": "Počet podlaží",
                    "column": "pocet_podlazi_order",
                    "type": "integer",
                    "filterable": true
                },
                {
                    "name": "podlahova_plocha",
                    "title": "Podlahová plocha",
                    "column": "podlahova_plocha",
                    "type": "integer",
                    "filterable": true
                },
                {
                    "name": "podlahova_plocha_cat",
                    "title": "Podlahová plocha",
                    "column": "podlahova_plocha_cat",
                    "type": "string",
                    "filterable": true
                },
                {
                    "name": "podlahova_plocha_order",
                    "title": "Podlahová plocha",
                    "column": "podlahova_plocha_order",
                    "type": "integer",
                    "filterable": true
                },
                {
                    "name": "zastavena_plocha",
                    "title": "Zastavěná plocha",
                    "column": "zastavena_plocha",
                    "type": "integer",
                    "filterable": true
                },
                {
                    "name": "zastavena_plocha_cat",
                    "title": "Zastavěná plocha",
                    "column": "zastavena_plocha_cat",
                    "type": "string",
                    "filterable": true
                },
                {
                    "name": "zastavena_plocha_order",
                    "title": "Zastavěná plocha",
                    "column": "zastavena_plocha_order",
                    "type": "integer",
                    "filterable": true
                },
                {
                    "name": "pripoj_el_energie",
                    "title": "Přípojka - el.energie",
                    "column": "pripoj_el_energie",
                    "type": "string",
                    "filterable": true
                },
                {
                    "name": "pripoj_kanal_sit",
                    "title": "Přípojka - kanalizační síť",
                    "column": "pripoj_kanal_sit",
                    "type": "string",
                    "filterable": true
                },
                {
                    "name": "pripoj_plyn",
                    "title": "Přípojka - plyn",
                    "column": "pripoj_plyn",
                    "type": "string",
                    "filterable": true
                },
                {
                    "name": "pripoj_vodovod",
                    "title": "Přípojka - vodovod",
                    "column": "pripoj_vodovod",
                    "type": "string",
                    "filterable": true
                },
                {
                    "name": "typ",
                    "title": "Typ",
                    "column": "typ",
                    "type": "string",
                    "filterable": true
                },
                {
                    "name": "zpusob_vytapeni",
                    "title": "Způsob vytápěni",
                    "column": "zpusob_vytapeni",
                    "type": "string",
                    "filterable": true
                },
                {
                    "name": "zpusob_vyuziti",
                    "title": "Způsob využití",
                    "column": "zpusob_vyuziti",
                    "type": "string",
                    "filterable": true
                },
                {
                    "name": "lng",
                    "title": "Lng",
                    "column": "lng",
                    "type": "longitude",
                    "filterable": true
                },
                {
                    "name": "lat",
                    "title": "Lat",
                    "column": "lat",
                    "type": "latitude",
                    "filterable": true
                },
                {
                    "name": "kod_zsj_d",
                    "title": "kod_zsj_d",
                    "column": "kod_zsj_d",
                    "type": "string",
                    "filterable": true
                }
            ]
        },
        "accessInfo": {
            "createdAt": "2020-06-06T09:22:38Z",
            "createdBy": "/rest/accounts/00uqzcg0wdzd1lM3D0h7"
        },
        "links": [
            {
                "rel": "self",
                "href": "/rest/projects/aefohehsjtlghk72/md/datasets/k4idpef9k88tm3p8"
            }
        ]
    }
}