{
    "url": "/rest/projects/aefohehsjtlghk72/md/datasets/bnatj2kav56kj3j9",
    "dumpTime": "2020-06-13T10:56:33Z",
    "version": "6",
    "content": {
        "id": "bnatj2kav56kj3j9",
        "name": "so_polygon_dwh",
        "type": "dataset",
        "title": "Stavební objekty - Polygony",
        "origin": "https://secure.clevermaps.io/rest/projects/ccp8jmoxqwnac03a/md/datasets?name=so_polygon_dwh",
        "properties": {
            "featureTitle": {
                "type": "property",
                "value": "kod"
            },
            "featureAttributes": [
                {
                    "type": "property",
                    "value": "dokonceni"
                },
                {
                    "type": "property",
                    "value": "typ"
                },
                {
                    "type": "property",
                    "value": "je_vytah"
                },
                {
                    "type": "property",
                    "value": "druh_konstrukce"
                },
                {
                    "type": "property",
                    "value": "obestaveny_prostor"
                },
                {
                    "type": "property",
                    "value": "pocet_podlazi"
                },
                {
                    "type": "property",
                    "value": "podlahova_plocha"
                },
                {
                    "type": "property",
                    "value": "zastavena_plocha"
                },
                {
                    "type": "property",
                    "value": "pripoj_el_energie"
                },
                {
                    "type": "property",
                    "value": "pripoj_kanal_sit"
                },
                {
                    "type": "property",
                    "value": "pripoj_vodovod"
                },
                {
                    "type": "property",
                    "value": "pripoj_plyn"
                },
                {
                    "type": "property",
                    "value": "zpusob_vytapeni"
                },
                {
                    "type": "property",
                    "value": "zpusob_vyuziti"
                }
            ]
        },
        "ref": {
            "type": "dwh",
            "subtype": "geometryPolygon",
            "geometry": "so_polygon_geom",
            "visualizations": [
                {
                    "type": "areas"
                }
            ],
            "table": "so_polygon_dwh_4",
            "primaryKey": "kod",
            "categorizable": true,
            "properties": [
                {
                    "name": "kod",
                    "title": "Kod",
                    "column": "kod",
                    "type": "integer",
                    "filterable": true
                },
                {
                    "name": "dokonceni",
                    "title": "Dokonceni",
                    "column": "dokonceni",
                    "type": "date",
                    "filterable": true
                },
                {
                    "name": "dokonceni_rok",
                    "title": "Dokonceni rok",
                    "column": "dokonceni_rok",
                    "type": "string",
                    "filterable": true
                },
                {
                    "name": "je_vytah",
                    "title": "Je vytah",
                    "column": "je_vytah",
                    "type": "string",
                    "filterable": true
                },
                {
                    "name": "druh_konstrukce",
                    "title": "Druh konstrukce",
                    "column": "druh_konstrukce",
                    "type": "string",
                    "filterable": true
                },
                {
                    "name": "obestaveny_prostor",
                    "title": "Obestaveny prostor",
                    "column": "obestaveny_prostor",
                    "type": "integer",
                    "filterable": true
                },
                {
                    "name": "obestaveny_prostor_cat",
                    "title": "Obestaveny prostor cat",
                    "column": "obestaveny_prostor_cat",
                    "type": "string",
                    "filterable": true
                },
                {
                    "name": "obestaveny_prostor_order",
                    "title": "Obestaveny prostor order",
                    "column": "obestaveny_prostor_order",
                    "type": "integer",
                    "filterable": true
                },
                {
                    "name": "pocet_bytu",
                    "title": "Pocet bytu",
                    "column": "pocet_bytu",
                    "type": "integer",
                    "filterable": true
                },
                {
                    "name": "pocet_bytu_cat",
                    "title": "Pocet bytu cat",
                    "column": "pocet_bytu_cat",
                    "type": "string",
                    "filterable": true
                },
                {
                    "name": "pocet_bytu_order",
                    "title": "Pocet bytu order",
                    "column": "pocet_bytu_order",
                    "type": "integer",
                    "filterable": true
                },
                {
                    "name": "pocet_podlazi",
                    "title": "Pocet podlazi",
                    "column": "pocet_podlazi",
                    "type": "integer",
                    "filterable": true
                },
                {
                    "name": "pocet_podlazi_cat",
                    "title": "Pocet podlazi cat",
                    "column": "pocet_podlazi_cat",
                    "type": "string",
                    "filterable": true
                },
                {
                    "name": "pocet_podlazi_order",
                    "title": "Pocet podlazi order",
                    "column": "pocet_podlazi_order",
                    "type": "integer",
                    "filterable": true
                },
                {
                    "name": "podlahova_plocha",
                    "title": "Podlahova plocha",
                    "column": "podlahova_plocha",
                    "type": "integer",
                    "filterable": true
                },
                {
                    "name": "podlahova_plocha_cat",
                    "title": "Podlahova plocha cat",
                    "column": "podlahova_plocha_cat",
                    "type": "string",
                    "filterable": true
                },
                {
                    "name": "podlahova_plocha_order",
                    "title": "Podlahova plocha order",
                    "column": "podlahova_plocha_order",
                    "type": "integer",
                    "filterable": true
                },
                {
                    "name": "zastavena_plocha",
                    "title": "Zastavena plocha",
                    "column": "zastavena_plocha",
                    "type": "integer",
                    "filterable": true
                },
                {
                    "name": "zastavena_plocha_cat",
                    "title": "Zastavena plocha cat",
                    "column": "zastavena_plocha_cat",
                    "type": "string",
                    "filterable": true
                },
                {
                    "name": "zastavena_plocha_order",
                    "title": "Zastavena plocha order",
                    "column": "zastavena_plocha_order",
                    "type": "integer",
                    "filterable": true
                },
                {
                    "name": "pripoj_el_energie",
                    "title": "Pripoj el energie",
                    "column": "pripoj_el_energie",
                    "type": "string",
                    "filterable": true
                },
                {
                    "name": "pripoj_kanal_sit",
                    "title": "Pripoj kanal sit",
                    "column": "pripoj_kanal_sit",
                    "type": "string",
                    "filterable": true
                },
                {
                    "name": "pripoj_plyn",
                    "title": "Pripoj plyn",
                    "column": "pripoj_plyn",
                    "type": "string",
                    "filterable": true
                },
                {
                    "name": "pripoj_vodovod",
                    "title": "Pripoj vodovod",
                    "column": "pripoj_vodovod",
                    "type": "string",
                    "filterable": true
                },
                {
                    "name": "typ",
                    "title": "Typ",
                    "column": "typ",
                    "type": "string",
                    "filterable": true
                },
                {
                    "name": "zpusob_vytapeni",
                    "title": "Zpusob vytapeni",
                    "column": "zpusob_vytapeni",
                    "type": "string",
                    "filterable": true
                },
                {
                    "name": "zpusob_vyuziti",
                    "title": "Zpusob vyuziti",
                    "column": "zpusob_vyuziti",
                    "type": "string",
                    "filterable": true
                },
                {
                    "name": "x_min",
                    "title": "X min",
                    "column": "x_min",
                    "type": "decimal(19,6)",
                    "filterable": true
                },
                {
                    "name": "x_max",
                    "title": "X max",
                    "column": "x_max",
                    "type": "decimal(19,6)",
                    "filterable": true
                },
                {
                    "name": "y_min",
                    "title": "Y min",
                    "column": "y_min",
                    "type": "decimal(19,6)",
                    "filterable": true
                },
                {
                    "name": "y_max",
                    "title": "Y max",
                    "column": "y_max",
                    "type": "decimal(19,6)",
                    "filterable": true
                },
                {
                    "foreignKey": "zsj_d_dwh",
                    "name": "kod_zsj_d",
                    "title": "Area code",
                    "column": "kod_zsj_d",
                    "type": "string",
                    "filterable": false
                }
            ]
        },
        "accessInfo": {
            "createdAt": "2020-06-06T09:22:37Z",
            "modifiedAt": "2020-06-08T17:10:47Z",
            "createdBy": "/rest/accounts/00uqzcg0wdzd1lM3D0h7",
            "modifiedBy": "/rest/accounts/00uqzcg0wdzd1lM3D0h7"
        },
        "links": [
            {
                "rel": "self",
                "href": "/rest/projects/aefohehsjtlghk72/md/datasets/bnatj2kav56kj3j9"
            }
        ]
    }
}