{
    "url": "/rest/projects/aefohehsjtlghk72/md/datasets/rc2rn5k666hu0b7j",
    "dumpTime": "2020-06-13T10:41:42Z",
    "version": "1",
    "content": {
        "id": "rc2rn5k666hu0b7j",
        "name": "so_polygon_geom",
        "type": "dataset",
        "title": "Stavební objekty",
        "description": "Optional description of dataset",
        "origin": "https://secure.clevermaps.io/rest/projects/ccp8jmoxqwnac03a/md/datasets?name=so_polygon_geom",
        "ref": {
            "type": "vt",
            "urlTemplate": "https://a.tiles.mapbox.com/v4/cleveranalytics.2igqdtot/{z}/{x}/{y}.vector.pbf?access_token={token}",
            "zoom": {
                "min": 14,
                "optimal": 16,
                "max": 18
            }
        },
        "dataSources": [
            {
                "licenceHolder": "RUIAN - ČÚZK",
                "licenceHolderUrl": "http://vdp.cuzk.cz/",
                "licenceUrl": "https://www.cuzk.cz/Uvod/Produkty-a-sluzby/RUIAN/RUIAN-(1).aspx"
            }
        ],
        "accessInfo": {
            "createdAt": "2020-06-06T09:22:37Z",
            "createdBy": "/rest/accounts/00uqzcg0wdzd1lM3D0h7"
        },
        "links": [
            {
                "rel": "self",
                "href": "/rest/projects/aefohehsjtlghk72/md/datasets/rc2rn5k666hu0b7j"
            }
        ]
    }
}