{
    "url": "/rest/projects/aefohehsjtlghk72/md/datasets/s2nqv4sesuh9hol4",
    "dumpTime": "2020-06-13T10:59:34Z",
    "version": "7",
    "content": {
        "id": "s2nqv4sesuh9hol4",
        "name": "vysky",
        "type": "dataset",
        "title": "Vysky",
        "description": "vysky",
        "properties": {
            "featureTitle": {
                "type": "property",
                "value": "id"
            },
            "featureAttributes": [
                {
                    "type": "property",
                    "value": "vyska_zmerena"
                },
                {
                    "type": "property",
                    "value": "vyska_odhad_pocty_bytu"
                },
                {
                    "type": "property",
                    "value": "vyska_odhad_pocty_pater"
                },
                {
                    "type": "property",
                    "value": "zpusob_vyuziti"
                },
                {
                    "type": "property",
                    "value": "lng"
                },
                {
                    "type": "property",
                    "value": "lat"
                },
                {
                    "type": "property",
                    "value": "vyska_kompletni"
                },
                {
                    "type": "property",
                    "value": "zaznacene"
                }
            ]
        },
        "ref": {
            "type": "dwh",
            "subtype": "basic",
            "table": "vysky_4",
            "primaryKey": "id",
            "categorizable": true,
            "properties": [
                {
                    "foreignKey": "so_point_dwh",
                    "name": "kod",
                    "title": "Kod",
                    "column": "kod",
                    "type": "integer",
                    "filterable": true
                },
                {
                    "name": "id",
                    "column": "id",
                    "type": "integer",
                    "filterable": false
                },
                {
                    "name": "vyska_zmerena",
                    "title": "Zmerana vyska",
                    "column": "vyska_zmerena",
                    "type": "integer",
                    "filterable": true
                },
                {
                    "name": "vyska_odhad_pocty_bytu",
                    "title": "Vyska odhad poctu bytov",
                    "column": "vyska_odhad_pocty_bytu",
                    "type": "integer",
                    "filterable": true
                },
                {
                    "name": "vyska_odhad_pocty_pater",
                    "title": "Vyska odhad poctu pater",
                    "column": "vyska_odhad_pocty_pater",
                    "type": "integer",
                    "filterable": true
                },
                {
                    "name": "zpusob_vyuziti",
                    "title": "Sposob vyuzitia",
                    "column": "zpusob_vyuziti",
                    "type": "string",
                    "filterable": true
                },
                {
                    "name": "lng",
                    "title": "Lng",
                    "column": "lng",
                    "type": "longitude",
                    "filterable": true
                },
                {
                    "name": "lat",
                    "title": "Lat",
                    "column": "lat",
                    "type": "latitude",
                    "filterable": true
                },
                {
                    "name": "vyska_kompletni",
                    "title": "Kompletna vyska",
                    "column": "vyska_kompletni",
                    "type": "integer",
                    "filterable": true
                },
                {
                    "name": "zaznacene",
                    "title": "Znacene",
                    "column": "zaznacene",
                    "type": "string",
                    "filterable": true
                }
            ]
        },
        "accessInfo": {
            "createdAt": "2020-06-06T11:14:43Z",
            "modifiedAt": "2020-06-08T20:28:05Z",
            "createdBy": "/rest/accounts/00uqzcg0wdzd1lM3D0h7",
            "modifiedBy": "/rest/accounts/00uqzcg0wdzd1lM3D0h7"
        },
        "links": [
            {
                "rel": "self",
                "href": "/rest/projects/aefohehsjtlghk72/md/datasets/s2nqv4sesuh9hol4"
            }
        ]
    }
}