{
    "url": "/rest/projects/aefohehsjtlghk72/md/views/miufn61o9ko515hm",
    "dumpTime": "2020-06-13T10:41:45Z",
    "version": "2",
    "content": {
        "id": "miufn61o9ko515hm",
        "name": "so_polygon_dwh_view",
        "type": "view",
        "title": "Analyza vysky budov",
        "description": "pocet budov na uzemi",
        "content": {
            "icon": "city_buildings",
            "dashboard": "/rest/projects/$projectId/md/dashboards?name=so_polygon_dwh_dashboard",
            "defaultGranularity": "/rest/projects/$projectId/md/datasets?name=so_polygon_dwh",
            "mapOptions": {
                "center": {
                    "lat": 49.203,
                    "lng": 16.606
                },
                "zoom": 12,
                "tileLayer": "mapbox"
            }
        },
        "accessInfo": {
            "createdAt": "2020-06-07T15:44:30Z",
            "modifiedAt": "2020-06-08T20:40:09Z",
            "createdBy": "/rest/accounts/00uqzcg0wdzd1lM3D0h7",
            "modifiedBy": "/rest/accounts/00uqzcg0wdzd1lM3D0h7"
        },
        "links": [
            {
                "rel": "self",
                "href": "/rest/projects/aefohehsjtlghk72/md/views/miufn61o9ko515hm"
            }
        ]
    }
}