{
    "url": "/rest/projects/aefohehsjtlghk72/md/indicators/i69m15u3nn75t01h",
    "dumpTime": "2020-06-13T10:41:43Z",
    "version": "3",
    "content": {
        "id": "i69m15u3nn75t01h",
        "name": "so_polygon_dwh_count_indicator",
        "type": "indicator",
        "title": "Pocet budov",
        "description": "budovy",
        "content": {
            "metric": "/rest/projects/$projectId/md/metrics?name=so_polygon_dwh_metric",
            "scale": "standard",
            "distribution": "geometric",
            "format": {
                "type": "number",
                "fraction": 0
            }
        },
        "accessInfo": {
            "createdAt": "2020-06-07T15:17:36Z",
            "modifiedAt": "2020-06-08T21:07:47Z",
            "createdBy": "/rest/accounts/00uqzcg0wdzd1lM3D0h7",
            "modifiedBy": "/rest/accounts/00uqzcg0wdzd1lM3D0h7"
        },
        "links": [
            {
                "rel": "self",
                "href": "/rest/projects/aefohehsjtlghk72/md/indicators/i69m15u3nn75t01h"
            }
        ]
    }
}