{
    "url": "/rest/projects/aefohehsjtlghk72/md/indicators/b6carctgv2jda8p8",
    "dumpTime": "2020-06-13T10:41:43Z",
    "version": "5",
    "content": {
        "id": "b6carctgv2jda8p8",
        "name": "vysky_count_indicator",
        "type": "indicator",
        "title": "Priemerna vyska budov",
        "description": "Vyska budov vo vybranej oblasti.",
        "content": {
            "metric": "/rest/projects/$projectId/md/metrics?name=vysky_count_metric",
            "scale": "heatmap",
            "distribution": "geometric",
            "format": {
                "type": "number",
                "fraction": 0
            }
        },
        "accessInfo": {
            "createdAt": "2020-06-06T15:40:22Z",
            "modifiedAt": "2020-06-08T21:09:33Z",
            "createdBy": "/rest/accounts/00uqzcg0wdzd1lM3D0h7",
            "modifiedBy": "/rest/accounts/00uqzcg0wdzd1lM3D0h7"
        },
        "links": [
            {
                "rel": "self",
                "href": "/rest/projects/aefohehsjtlghk72/md/indicators/b6carctgv2jda8p8"
            }
        ]
    }
}