{
    "url": "/rest/projects/aefohehsjtlghk72/md/metrics/hokmsi9oa1b55caq",
    "dumpTime": "2020-06-13T10:41:44Z",
    "version": "1",
    "content": {
        "id": "hokmsi9oa1b55caq",
        "name": "so_polygon_dwh_metric",
        "type": "metric",
        "title": "Polygon",
        "description": "Pocet budov",
        "content": {
            "type": "function_count",
            "content": [
                {
                    "type": "property",
                    "value": "so_polygon_dwh.kod"
                }
            ]
        },
        "accessInfo": {
            "createdAt": "2020-06-06T19:56:04Z",
            "createdBy": "/rest/accounts/00uqzcg0wdzd1lM3D0h7"
        },
        "links": [
            {
                "rel": "self",
                "href": "/rest/projects/aefohehsjtlghk72/md/metrics/hokmsi9oa1b55caq"
            }
        ]
    }
}