{
    "url": "/rest/projects/aefohehsjtlghk72/md/metrics/gu9pnks5bn0669f7",
    "dumpTime": "2020-06-13T10:41:44Z",
    "version": "5",
    "content": {
        "id": "gu9pnks5bn0669f7",
        "name": "vysky_count_metric",
        "type": "metric",
        "title": "Priemerna vyska",
        "description": "Vyska budov",
        "content": {
            "type": "function_avg",
            "content": [
                {
                    "type": "property",
                    "value": "vysky.vyska_kompletni"
                }
            ],
            "options": {
                "filterBy": [
                    {
                        "property": "vysky.vyska_kompletni",
                        "operator": "isNotNull"
                    }
                ]
            }
        },
        "accessInfo": {
            "createdAt": "2020-06-06T15:33:39Z",
            "modifiedAt": "2020-06-09T07:04:50Z",
            "createdBy": "/rest/accounts/00uqzcg0wdzd1lM3D0h7",
            "modifiedBy": "/rest/accounts/00uqzcg0wdzd1lM3D0h7"
        },
        "links": [
            {
                "rel": "self",
                "href": "/rest/projects/aefohehsjtlghk72/md/metrics/gu9pnks5bn0669f7"
            }
        ]
    }
}